name,family,n,m,density,k,q,H_share,H_size,capacity,capacity_over_wMq,gap_bound_abs,gap_bound_rel,h,lambda_1,lambda_q,largest_macroitem,largest_macroitem_share,median_macroitem,n_maxflow_path,n_singleton_macroitems,persistency,seconds_path,size_Mq,theta,true_gap_rel,w_share_first,w_share_first3,z_ip_best_known,z_lp
A_972_1661,telecom,972,1661,1.709,86,86,0.1337,130,800.0,0.0108,1734.88179178764,1.0,1,2.16860223973455,1.6868686868686869,271,0.2788,2,171,24,0.8663,0.0649,972,0.083,0.178042,0.1304,0.1738,1426.0,1734.88179178764
B_981_1688,telecom,981,1688,1.721,77,77,0.054,53,800.0,0.0107,1736.4404609475032,1.0,1,2.170550576184379,1.809278350515464,238,0.2426,2,153,23,0.946,0.0315,981,0.2049,0.186842,0.0524,0.136,1412.0,1736.4404609475032
C_1336_2382,telecom,1336,2382,1.783,88,88,0.1512,202,900.0,0.009,1980.6964211689926,1.0,1,2.200773801298881,1.8080808080808082,202,0.1512,3,175,27,0.8488,0.039,1336,0.0622,0.144745,0.1443,0.1819,1694.0,1980.6964211689926
D_1790_3130,telecom,1790,3130,1.749,94,94,0.0575,103,3000.0,0.0053,63259.45158942004,1.0,1,21.086483863140014,16.544444444444444,147,0.0821,8,187,16,0.9425,0.0458,1790,0.1456,0.076739,0.0367,0.1677,58405.0,63259.45158942004
E_1790_3130,telecom,1790,3130,1.749,94,94,0.0575,103,3000.0,0.0053,33203.39723368114,1.0,1,11.067799077893715,6.544444444444444,147,0.0821,8,187,16,0.9425,0.0495,1790,0.1456,0.142558,0.0367,0.1677,28470.0,33203.39723368114
F_3091_5715,telecom,3091,5715,1.849,494,494,0.0165,51,7000.0,0.0032,8512.759170653908,1.0,1,1.2161084529505581,1.028443113772455,256,0.0828,2,987,174,0.9835,0.1875,3091,0.3284,0.03533,0.0097,0.0151,8212.0,8512.759170653908
G_3091_5715,telecom,3091,5715,1.849,106,106,0.0977,302,3000.0,0.0014,33728.540588698896,1.0,1,11.242846862899633,5.701582105837425,302,0.0977,11,211,15,0.9023,0.0652,3091,0.0147,0.632122,0.0932,0.1382,12408.0,33728.540588698896
H_3091_5715,telecom,3091,5715,1.849,515,515,0.0149,46,75000.0,0.0063,17496.10010851872,1.0,1,0.2332813347802496,0.03308823529411765,222,0.0718,2,1029,138,0.9851,0.1937,3091,0.3633,0.263893,0.0173,0.0368,12879.0,17496.10010851872
I_3091_5715,telecom,3091,5715,1.849,160,160,0.0621,192,10000.0,0.009,117132.23600508906,1.0,1,11.713223600508906,5.819415448851775,192,0.0621,8,319,20,0.9379,0.0864,3091,0.1325,0.158413,0.0679,0.0936,98577.0,117132.23600508906
J_9235_17082,telecom,9235,17082,1.85,601,601,0.0293,271,200.0,0.0012,395.1997256986113,1.0,1,1.9759986284930569,0.2727272727272727,322,0.0349,6,1201,13,0.9707,0.3489,9235,0.0343,0.266194,0.0356,0.0374,290.0,395.1997256986113
K_9235_17082,telecom,9235,17082,1.85,613,613,0.0104,96,200.0,0.0012,1052.6011560693642,1.0,1,5.263005780346821,3.0,366,0.0396,4,1225,59,0.9896,0.3628,9235,0.1156,0.415733,0.0106,0.0464,615.0,1052.6011560693642
L_349_2101,mining,349,2101,6.02,4,3,0.4126,144,100000000.0,0.1965,234465988.78249988,1.0,1,2.344659887824999,1.8281574171461568,170,0.4871,88,7,0,0.5874,0.0042,346,0.4801,0.26903,0.4092,1.0,171387704.6,234465988.78249988
M_538_3033,mining,538,3033,5.638,5,3,0.4368,235,6000000.0,0.1245,23003393.24714806,1.0,1,3.8338988745246767,3.6738863117124336,262,0.487,37,9,0,0.5632,0.0066,534,0.2724,0.3836,0.4571,1.0,14179293.0,23003393.24714806
N_1217_7616,mining,1217,7616,6.258,42,29,0.2104,256,80000000.0,0.1737,316413440.8467525,1.0,1,3.9551680105844067,0.07162355181717188,256,0.2104,13,83,0,0.7896,0.0332,994,0.7506,0.046593,0.2315,0.3615,301670667.8,316413440.8467525
O_1711_11661,mining,1711,11661,6.815,3,2,0.8504,1455,10000000.0,0.2075,27241504.004499603,1.0,1,2.7241504004499606,1.016557037975774,1455,0.8504,252,5,0,0.1496,0.0135,1707,0.2389,0.667999,0.8685,1.0005,9044199.0,27241504.004499603
P_3243_22306,mining,3243,22306,6.878,9,5,0.4178,1355,4000000.0,0.084,11277472.56414597,1.0,1,2.8193681410364926,0.16386112728612343,1393,0.4295,27,17,0,0.5822,0.0553,3178,0.1935,0.855624,0.4343,0.9675,1628199.0,11277472.56414597
Q_3428_19555,mining,3428,19555,5.704,187,128,0.159,545,800000.0,0.018,4757503.4539645845,1.0,1,5.94687931745573,0.15982071829100292,545,0.159,5,373,3,0.841,0.1547,2897,0.0834,0.401901,0.2158,0.2226,2845458.0,4757503.4539645845
R_4281_24452,mining,4281,24452,5.712,243,163,0.1663,712,1500000.0,0.0352,9074805.404924002,1.0,1,6.049870269949335,0.08202247191011236,712,0.1663,5,485,6,0.8337,0.2136,3470,0.1484,0.188009,0.2374,0.2403,7368658.0,9074805.404924002
S_5624_36504,mining,5624,36504,6.491,124,61,0.1951,1097,50000000.0,0.1282,198266004.10868764,1.0,1,3.965320082173753,0.043577235772357725,1097,0.1951,12,247,16,0.8049,0.177,3894,0.4392,0.15935,0.2918,0.2931,166672315.8,198266004.10868764
T_6271_42080,mining,6271,42080,6.71,110,80,0.244,1530,1500000.0,0.0335,6889017.160949855,1.0,1,4.5926781072999034,0.08261031770518003,1530,0.244,9,219,2,0.756,0.1903,5530,0.1131,0.537229,0.2961,0.3053,3188036.0,6889017.160949855
U_6494_48626,mining,6494,48626,7.488,18,12,0.7376,4790,120000000.0,0.2453,151067438.61547384,1.0,1,1.2588953217956154,0.1217525784666051,4790,0.7376,96,35,2,0.2624,0.104,6189,0.3153,0.594334,0.7778,0.8725,61282861.4,151067438.61547384
V_10001_63944,mining,10001,63944,6.394,257,147,0.1862,1862,1500000.0,0.0358,6769748.643211247,1.0,1,4.513165762140832,0.006441337816315697,1862,0.1862,7,513,2,0.8138,0.3789,7977,0.1398,0.394668,0.2561,0.2744,4097947.0,6769748.643211247
W_11757_83218,mining,11757,83218,7.078,78,50,0.2873,3378,3000000.0,0.0654,10781637.49029642,1.0,1,3.5938791634321396,0.21791967044284244,3378,0.2873,16,155,0,0.7127,0.3378,10975,0.2009,0.484139,0.3257,0.3282,5561821.0,10781637.49029642
